representation,clustering_method,seed,params,clustering_time_s,error,n_clusters,noise_count,noise_ratio,silhouette,calinski_harabasz,davies_bouldin,bic,aic,inertia,silhouette_all,calinski_harabasz_all,davies_bouldin_all
tfidf,agglomerative,42,"{""linkage"": ""ward"", ""n_clusters"": 100}",63.466,,100,0,0.0,0.7913590669631958,5061.968047728919,0.8940515065466706,,,,,,
tfidf,agglomerative,42,"{""linkage"": ""ward"", ""n_clusters"": 10}",82.72,,10,0,0.0,0.1325543671846389,1441.0208107540743,2.4262504685976447,,,,,,
tfidf,agglomerative,42,"{""linkage"": ""ward"", ""n_clusters"": 15}",83.152,,15,0,0.0,0.2768828570842743,1534.9787125116866,2.0536371444407826,,,,,,
tfidf,agglomerative,42,"{""linkage"": ""ward"", ""n_clusters"": 20}",82.969,,20,0,0.0,0.3538386225700378,1685.7107423509071,1.85686204195302,,,,,,
tfidf,agglomerative,42,"{""linkage"": ""ward"", ""n_clusters"": 2}",84.324,,2,0,0.0,0.1861332505941391,1695.8998451414875,4.626586405765013,,,,,,
tfidf,agglomerative,42,"{""linkage"": ""ward"", ""n_clusters"": 30}",82.47,,30,0,0.0,0.48056361079216,2116.519377616759,1.492699569247205,,,,,,
tfidf,agglomerative,42,"{""linkage"": ""ward"", ""n_clusters"": 3}",84.158,,3,0,0.0,0.1857470721006393,1545.0870779322554,4.748080525358163,,,,,,
tfidf,agglomerative,42,"{""linkage"": ""ward"", ""n_clusters"": 40}",83.24,,40,0,0.0,0.6159034967422485,2864.732719381592,1.2945142485884855,,,,,,
tfidf,agglomerative,42,"{""linkage"": ""ward"", ""n_clusters"": 4}",83.221,,4,0,0.0,0.1944115906953811,1487.603581672871,4.192847408793482,,,,,,
tfidf,agglomerative,42,"{""linkage"": ""ward"", ""n_clusters"": 50}",82.921,,50,0,0.0,0.6867422461509705,4050.0004150841023,1.1066840454298097,,,,,,
tfidf,agglomerative,42,"{""linkage"": ""ward"", ""n_clusters"": 5}",82.703,,5,0,0.0,0.2024987488985061,1462.6459262817284,3.6908600318029534,,,,,,
tfidf,agglomerative,42,"{""linkage"": ""ward"", ""n_clusters"": 75}",82.03,,75,0,0.0,0.7665926814079285,4878.407535271618,0.9172867658455376,,,,,,
tfidf,agglomerative,42,"{""linkage"": ""ward"", ""n_clusters"": 8}",85.338,,8,0,0.0,0.1174594610929489,1434.5124393998242,2.8522831981784167,,,,,,
tfidf,kmeans,42,"{""n_clusters"": 100}",4.447,,100,0,0.0,0.7897588014602661,5178.904548870089,0.8978845247462622,,,221733.8125,,,
tfidf,kmeans,42,"{""n_clusters"": 10}",0.689,,10,0,0.0,0.0734292939305305,1294.4265384203443,1.974475223269676,,,2027491.5,,,
tfidf,kmeans,42,"{""n_clusters"": 15}",0.833,,15,0,0.0,0.1557119637727737,1493.2220430636655,1.6080001788391918,,,1762761.0,,,
tfidf,kmeans,42,"{""n_clusters"": 20}",1.076,,20,0,0.0,0.2850284278392792,1631.3003631344343,1.682257940365026,,,1543073.5,,,
tfidf,kmeans,42,"{""n_clusters"": 2}",0.229,,2,0,0.0,0.3164188861846924,1386.4796850313123,1.7517612836302356,,,2432516.5,,,
tfidf,kmeans,42,"{""n_clusters"": 30}",1.574,,30,0,0.0,0.5154052972793579,2185.7874980695988,1.4128349504978717,,,1102033.75,,,
tfidf,kmeans,42,"{""n_clusters"": 3}",0.233,,3,0,0.0,0.312962532043457,1303.1286008136235,3.0024033614262464,,,2376137.25,,,
tfidf,kmeans,42,"{""n_clusters"": 40}",1.847,,40,0,0.0,0.6049181818962097,3126.401187445424,1.000020933503467,,,726629.375,,,
tfidf,kmeans,42,"{""n_clusters"": 4}",0.286,,4,0,0.0,-0.0145455580204725,1304.650117430161,3.084584951057002,,,2318495.25,,,
tfidf,kmeans,42,"{""n_clusters"": 50}",2.112,,50,0,0.0,0.6925815343856812,4240.44388079819,0.8814172539290464,,,484516.34375,,,
tfidf,kmeans,42,"{""n_clusters"": 5}",0.378,,5,0,0.0,-0.0579159930348396,1224.8072528111784,1.6361969838319674,,,2276897.5,,,
tfidf,kmeans,42,"{""n_clusters"": 75}",3.465,,75,0,0.0,0.7643841505050659,5143.440073106559,0.8424516985245816,,,289899.5625,,,
tfidf,kmeans,42,"{""n_clusters"": 8}",0.489,,8,0,0.0,0.0701059699058532,1255.6375129287292,1.884848355745488,,,2126164.75,,,
tfidf,dbscan,42,"{""eps"": 0.425808, ""metric"": ""euclidean"", ""min_samples"": 5}",7.032,,673,4830,0.0966,0.9220589995384216,150384.03541957293,0.1917572798489874,,,,0.7578110098838806,373.43228320662087,1.0468159604922165
tfidf,dbscan,42,"{""eps"": 0.959152, ""metric"": ""euclidean"", ""min_samples"": 10}",8.392,,315,4949,0.09898,0.9237567186355592,50337.25704680483,0.232494313416909,,,,0.7657709121704102,728.0434456229156,1.0689654042201675
tfidf,dbscan,42,"{""eps"": 1.538921, ""metric"": ""euclidean"", ""min_samples"": 5}",8.803,,493,2341,0.04682,0.8841471672058105,13707.446492276267,0.2967608735486579,,,,0.8151298761367798,1028.74967517017,1.06635096681073
tfidf,dbscan,42,"{""eps"": 2.45785, ""metric"": ""euclidean"", ""min_samples"": 10}",10.351,,250,2241,0.04482,0.8363861441612244,6031.853016789686,0.4494413798952353,,,,0.7714870572090149,1534.1181436695756,1.108458468764589
tfidf,dbscan,42,"{""eps"": 2.753049, ""metric"": ""euclidean"", ""min_samples"": 5}",9.993,,324,1081,0.02162,0.6940913796424866,1549.6483188553093,0.6906311717783017,,,,0.6647132635116577,1058.6158467868026,1.1343213871052475
tfidf,dbscan,42,"{""eps"": 3.779555, ""metric"": ""euclidean"", ""min_samples"": 10}",12.165,,138,910,0.0182,0.4487612843513489,968.4939383854364,0.7936500705121283,,,,0.4310554265975952,851.2389959830258,1.1729127655654754
tfidf,hdbscan,42,"{""allow_single_cluster"": false, ""metric"": ""euclidean"", ""min_cluster_size"": 15, ""min_samples"": null}",75.359,,367,5336,0.10672,0.9321172833442688,18197.630034795733,0.3970752250110873,,,,0.7582345604896545,665.5650236413989,1.0482939992628564
tfidf,hdbscan,42,"{""allow_single_cluster"": false, ""metric"": ""euclidean"", ""min_cluster_size"": 30, ""min_samples"": null}",75.707,,190,6310,0.1262,0.927796185016632,17432.920127347796,0.3784313842189671,,,,0.7297924757003784,918.8978531987332,1.1239328395014223
tfidf,hdbscan,42,"{""allow_single_cluster"": false, ""metric"": ""euclidean"", ""min_cluster_size"": 50, ""min_samples"": null}",76.555,,119,5750,0.115,0.9130975604057312,13966.489969335884,0.40716737326914,,,,0.7476943135261536,1487.31251305073,1.2111668419820694
tfidf,gmm,42,"{""covariance_type"": ""diag"", ""n_components"": 10, ""reg_covar"": 0.0001}",0.69,,10,0,0.0,0.1784602105617523,1217.7380990683082,2.982687990501581,-3436433.0921510668,-3445332.248440037,,,,
tfidf,gmm,42,"{""covariance_type"": ""diag"", ""n_components"": 10, ""reg_covar"": 0.001}",0.722,,10,0,0.0,0.1787405014038086,1222.2569796282764,2.977596563379767,-2039143.9646236675,-2048043.120912637,,,,
tfidf,gmm,42,"{""covariance_type"": ""diag"", ""n_components"": 10, ""reg_covar"": 1e-05}",0.631,,10,0,0.0,0.1782606691122055,1213.1432005080248,2.988263319429881,-4158876.148382592,-4167775.304671561,,,,
tfidf,gmm,42,"{""covariance_type"": ""diag"", ""n_components"": 10, ""reg_covar"": 1e-06}",0.645,,10,0,0.0,0.1781648695468902,1212.286710676553,2.989484653484288,-4384573.064633434,-4393472.220922404,,,,
tfidf,gmm,42,"{""covariance_type"": ""diag"", ""n_components"": 100, ""reg_covar"": 0.0001}",5.218,,100,0,0.0,0.7360559701919556,2600.065896900096,1.4606978688008994,-11419691.615790728,-11508762.556684986,,,,
tfidf,gmm,42,"{""covariance_type"": ""diag"", ""n_components"": 100, ""reg_covar"": 0.001}",3.996,,100,0,0.0,0.7480902075767517,2915.956050902722,1.4399756584946943,-7780022.790044113,-7869093.730938372,,,,
tfidf,gmm,42,"{""covariance_type"": ""diag"", ""n_components"": 100, ""reg_covar"": 1e-05}",3.635,,100,0,0.0,0.7334853410720825,2538.2179845469104,1.4814731541762516,-14695780.022347108,-14784850.963241369,,,,
tfidf,gmm,42,"{""covariance_type"": ""diag"", ""n_components"": 100, ""reg_covar"": 1e-06}",5.741,,100,0,0.0,0.7265139818191528,2466.5392517618484,1.456459421208995,-18011069.284011345,-18100140.224905606,,,,
tfidf,gmm,42,"{""covariance_type"": ""diag"", ""n_components"": 15, ""reg_covar"": 0.0001}",0.891,,15,0,0.0,0.2393284142017364,1322.239560212229,2.4919090650339224,-4324207.394735741,-4337560.539058339,,,,
tfidf,gmm,42,"{""covariance_type"": ""diag"", ""n_components"": 15, ""reg_covar"": 0.001}",0.944,,15,0,0.0,0.2405106127262115,1340.024452190444,2.4784331716737835,-2796681.427410639,-2810034.571733236,,,,
tfidf,gmm,42,"{""covariance_type"": ""diag"", ""n_components"": 15, ""reg_covar"": 1e-05}",0.879,,15,0,0.0,0.2386173754930496,1320.317544531887,2.4930452367148512,-5175765.192884342,-5189118.337206939,,,,
tfidf,gmm,42,"{""covariance_type"": ""diag"", ""n_components"": 15, ""reg_covar"": 1e-06}",0.902,,15,0,0.0,0.238525390625,1319.5129362490604,2.494193333328967,-5520951.608004984,-5534304.752327582,,,,
tfidf,gmm,42,"{""covariance_type"": ""diag"", ""n_components"": 2, ""reg_covar"": 0.0001}",0.199,,2,0,0.0,0.1120800524950027,1527.6416641138762,4.130195871695704,560436.3960293079,558663.6205941414,,,,
tfidf,gmm,42,"{""covariance_type"": ""diag"", ""n_components"": 2, ""reg_covar"": 0.001}",0.199,,2,0,0.0,0.1120800524950027,1527.7969890220702,4.130066603456842,1535018.7510962095,1533245.9756610433,,,,
tfidf,gmm,42,"{""covariance_type"": ""diag"", ""n_components"": 2, ""reg_covar"": 1e-05}",0.201,,2,0,0.0,0.1120800524950027,1527.6416641138762,4.130195871695704,150803.4328889964,149030.65745382995,,,,
tfidf,gmm,42,"{""covariance_type"": ""diag"", ""n_components"": 2, ""reg_covar"": 1e-06}",0.209,,2,0,0.0,0.1120800524950027,1527.6416641138762,4.130195871695704,74627.37005073782,72854.59461557136,,,,
tfidf,gmm,42,"{""covariance_type"": ""diag"", ""n_components"": 20, ""reg_covar"": 0.0001}",1.238,,20,0,0.0,0.33352130651474,1408.69989098869,2.220561219142825,-5602778.7562191775,-5620585.888575402,,,,
tfidf,gmm,42,"{""covariance_type"": ""diag"", ""n_components"": 20, ""reg_covar"": 0.001}",1.385,,20,0,0.0,0.3368264436721802,1444.375042129566,2.204370163681902,-3667331.460204405,-3685138.59256063,,,,
tfidf,gmm,42,"{""covariance_type"": ""diag"", ""n_components"": 20, ""reg_covar"": 1e-05}",1.306,,20,0,0.0,0.3323942422866821,1402.845253939901,2.2232594967144435,-6841846.735785545,-6859653.868141769,,,,
tfidf,gmm,42,"{""covariance_type"": ""diag"", ""n_components"": 20, ""reg_covar"": 1e-06}",1.297,,20,0,0.0,0.3320387899875641,1401.0162121930348,2.223579560846459,-7494773.514876221,-7512580.647232446,,,,
tfidf,gmm,42,"{""covariance_type"": ""diag"", ""n_components"": 3, ""reg_covar"": 0.0001}",0.403,,3,0,0.0,0.1012673005461692,1335.6162300352144,4.039395900291004,-908707.1745626322,-911370.747604524,,,,
tfidf,gmm,42,"{""covariance_type"": ""diag"", ""n_components"": 3, ""reg_covar"": 0.001}",0.301,,3,0,0.0,0.101721242070198,1358.3256057440435,4.042164923509023,274583.01448539447,271919.4414435025,,,,
tfidf,gmm,42,"{""covariance_type"": ""diag"", ""n_components"": 3, ""reg_covar"": 1e-05}",0.371,,3,0,0.0,0.1012673005461692,1334.6308728478366,4.040500926524989,-1374823.542442024,-1377487.115483916,,,,
tfidf,gmm,42,"{""covariance_type"": ""diag"", ""n_components"": 3, ""reg_covar"": 1e-06}",0.345,,3,0,0.0,0.1012673005461692,1334.6308728478366,4.040500926524989,-1480162.8380857094,-1482826.4111276013,,,,
tfidf,gmm,42,"{""covariance_type"": ""diag"", ""n_components"": 30, ""reg_covar"": 0.0001}",1.813,,30,0,0.0,0.5292101502418518,1668.947623588153,1.922299536189184,-8417687.232949087,-8444402.341372566,,,,
tfidf,gmm,42,"{""covariance_type"": ""diag"", ""n_components"": 30, ""reg_covar"": 0.001}",1.945,,30,0,0.0,0.5371127724647522,1740.525893370079,1.862483053783802,-5437340.706555672,-5464055.814979151,,,,
tfidf,gmm,42,"{""covariance_type"": ""diag"", ""n_components"": 30, ""reg_covar"": 1e-05}",1.706,,30,0,0.0,0.5270211100578308,1651.7323879479625,1.938086292502533,-10985610.39991462,-11012325.5083381,,,,
tfidf,gmm,42,"{""covariance_type"": ""diag"", ""n_components"": 30, ""reg_covar"": 1e-06}",1.594,,30,0,0.0,0.526218056678772,1647.8656946486683,1.948252330568389,-13259164.33705365,-13285879.445477128,,,,
tfidf,gmm,42,"{""covariance_type"": ""diag"", ""n_components"": 4, ""reg_covar"": 0.0001}",0.351,,4,0,0.0,0.0988522246479988,1201.6419575943398,3.3901955598977267,-1485818.3682311715,-1489372.738879789,,,,
tfidf,gmm,42,"{""covariance_type"": ""diag"", ""n_components"": 4, ""reg_covar"": 0.001}",0.429,,4,0,0.0,0.0985805764794349,1202.2945266759891,3.3963993124453484,-140318.36092702893,-143872.73157564626,,,,
tfidf,gmm,42,"{""covariance_type"": ""diag"", ""n_components"": 4, ""reg_covar"": 1e-05}",0.305,,4,0,0.0,0.098712220788002,1196.1925258764588,3.387416252502213,-2197575.285208167,-2201129.6558567844,,,,
tfidf,gmm,42,"{""covariance_type"": ""diag"", ""n_components"": 4, ""reg_covar"": 1e-06}",0.303,,4,0,0.0,0.0986243560910224,1193.9646103280002,3.3917109149427427,-2420375.445403632,-2423929.8160522496,,,,
tfidf,gmm,42,"{""covariance_type"": ""diag"", ""n_components"": 40, ""reg_covar"": 0.0001}",2.699,,40,0,0.0,0.6061210036277771,2123.599418811448,1.588138081562556,-9152902.666502863,-9188525.750993596,,,,
tfidf,gmm,42,"{""covariance_type"": ""diag"", ""n_components"": 40, ""reg_covar"": 0.001}",2.593,,40,0,0.0,0.6154897212982178,2235.710756595935,1.549509214270462,-6138412.982286396,-6174036.06677713,,,,
tfidf,gmm,42,"{""covariance_type"": ""diag"", ""n_components"": 40, ""reg_covar"": 1e-05}",3.535,,40,0,0.0,0.5987414121627808,2067.6102082302787,1.597038860915976,-11886581.484010443,-11922204.568501178,,,,
tfidf,gmm,42,"{""covariance_type"": ""diag"", ""n_components"": 40, ""reg_covar"": 1e-06}",2.545,,40,0,0.0,0.5969552993774414,2043.0278159825104,1.6029825862396,-14289221.414702345,-14324844.499193078,,,,
tfidf,gmm,42,"{""covariance_type"": ""diag"", ""n_components"": 5, ""reg_covar"": 0.0001}",0.374,,5,0,0.0,0.1090209931135177,1267.3722702619928,3.129661063187428,-1665603.835088698,-1670049.0033440408,,,,
tfidf,gmm,42,"{""covariance_type"": ""diag"", ""n_components"": 5, ""reg_covar"": 0.001}",0.47,,5,0,0.0,0.1088738292455673,1274.452375091584,3.136418433340341,-316421.57131036656,-320866.7395657094,,,,
tfidf,gmm,42,"{""covariance_type"": ""diag"", ""n_components"": 5, ""reg_covar"": 1e-05}",0.397,,5,0,0.0,0.108905091881752,1266.3223776553152,3.1302473185399684,-2381727.483101335,-2386172.651356677,,,,
tfidf,gmm,42,"{""covariance_type"": ""diag"", ""n_components"": 5, ""reg_covar"": 1e-06}",0.392,,5,0,0.0,0.108817309141159,1264.726964161329,3.133432807024828,-2604529.885343291,-2608975.053598633,,,,
tfidf,gmm,42,"{""covariance_type"": ""diag"", ""n_components"": 50, ""reg_covar"": 0.0001}",3.472,,50,0,0.0,0.6359530091285706,2472.418360944535,1.535201182364507,-9389163.607598238,-9433694.668156223,,,,
tfidf,gmm,42,"{""covariance_type"": ""diag"", ""n_components"": 50, ""reg_covar"": 0.001}",3.921,,50,0,0.0,0.6466493010520935,2643.1914140835484,1.5117456965331244,-6327502.745488586,-6372033.806046573,,,,
tfidf,gmm,42,"{""covariance_type"": ""diag"", ""n_components"": 50, ""reg_covar"": 1e-05}",3.596,,50,0,0.0,0.632713794708252,2427.351325059284,1.5245318642853185,-12081464.170544503,-12125995.231102493,,,,
tfidf,gmm,42,"{""covariance_type"": ""diag"", ""n_components"": 50, ""reg_covar"": 1e-06}",4.14,,50,0,0.0,0.6231274604797363,2256.679513132348,1.5399252267507677,-14586826.353497565,-14631357.41405555,,,,
tfidf,gmm,42,"{""covariance_type"": ""diag"", ""n_components"": 75, ""reg_covar"": 0.0001}",8.363,,75,0,0.0,0.7116994261741638,2828.440162194847,1.3597493552226354,-10609109.966647698,-10675910.967373822,,,,
tfidf,gmm,42,"{""covariance_type"": ""diag"", ""n_components"": 75, ""reg_covar"": 0.001}",5.958,,75,0,0.0,0.7210906147956848,3071.86845634036,1.326532021062999,-7227964.978854529,-7294765.979580652,,,,
tfidf,gmm,42,"{""covariance_type"": ""diag"", ""n_components"": 75, ""reg_covar"": 1e-05}",4.364,,75,0,0.0,0.707212507724762,2733.3848406612,1.363716456059199,-13817754.9829096,-13884555.983635724,,,,
tfidf,gmm,42,"{""covariance_type"": ""diag"", ""n_components"": 75, ""reg_covar"": 1e-06}",4.412,,75,0,0.0,0.7062669396400452,2714.171884193383,1.366869345870031,-16718618.976712534,-16785419.97743866,,,,
tfidf,gmm,42,"{""covariance_type"": ""diag"", ""n_components"": 8, ""reg_covar"": 0.0001}",0.828,,8,0,0.0,0.1649558097124099,1178.709601402389,3.2438696075035267,-3151402.791324242,-3158520.3523997613,,,,
tfidf,gmm,42,"{""covariance_type"": ""diag"", ""n_components"": 8, ""reg_covar"": 0.001}",0.553,,8,0,0.0,0.1649737507104873,1226.1575140256507,3.070853016483269,-1449863.7134856866,-1456981.2745612056,,,,
tfidf,gmm,42,"{""covariance_type"": ""diag"", ""n_components"": 8, ""reg_covar"": 1e-05}",0.739,,8,0,0.0,0.1648592948913574,1177.5126321468747,3.245935713808236,-3689306.204187432,-3696423.765262952,,,,
tfidf,gmm,42,"{""covariance_type"": ""diag"", ""n_components"": 8, ""reg_covar"": 1e-06}",0.743,,8,0,0.0,0.1648592948913574,1177.4574741382637,3.246014905742962,-3804456.820509128,-3811574.381584647,,,,
word2vec,agglomerative,42,"{""linkage"": ""ward"", ""n_clusters"": 100}",68.288,,100,0,0.0,0.6328935623168945,1235.5214735536763,1.4880555539387157,,,,,,
word2vec,agglomerative,42,"{""linkage"": ""ward"", ""n_clusters"": 10}",67.103,,10,0,0.0,0.2513848841190338,1045.1368213416492,3.0807907532422667,,,,,,
word2vec,agglomerative,42,"{""linkage"": ""ward"", ""n_clusters"": 15}",72.277,,15,0,0.0,0.3287337124347687,1092.233726874775,2.6362717509653035,,,,,,
word2vec,agglomerative,42,"{""linkage"": ""ward"", ""n_clusters"": 20}",69.218,,20,0,0.0,0.3876300752162933,1138.386894267821,2.501483355537996,,,,,,
word2vec,agglomerative,42,"{""linkage"": ""ward"", ""n_clusters"": 2}",70.341,,2,0,0.0,0.0404631458222866,977.5529403491024,4.0453048664988565,,,,,,
word2vec,agglomerative,42,"{""linkage"": ""ward"", ""n_clusters"": 30}",68.817,,30,0,0.0,0.4403417110443115,1214.3886704117926,2.098072582310172,,,,,,
word2vec,agglomerative,42,"{""linkage"": ""ward"", ""n_clusters"": 3}",68.05,,3,0,0.0,0.0489099845290184,986.6285364858568,3.265190610182252,,,,,,
word2vec,agglomerative,42,"{""linkage"": ""ward"", ""n_clusters"": 40}",69.611,,40,0,0.0,0.4997112452983856,1277.0002060483864,1.909479259395624,,,,,,
word2vec,agglomerative,42,"{""linkage"": ""ward"", ""n_clusters"": 4}",73.933,,4,0,0.0,0.0654911175370216,1001.5473055913787,3.0827238557461443,,,,,,
word2vec,agglomerative,42,"{""linkage"": ""ward"", ""n_clusters"": 50}",68.749,,50,0,0.0,0.536329984664917,1310.91573652363,1.739707989202251,,,,,,
word2vec,agglomerative,42,"{""linkage"": ""ward"", ""n_clusters"": 5}",74.868,,5,0,0.0,0.1061948984861373,1008.6605061702722,3.2211997704008217,,,,,,
word2vec,agglomerative,42,"{""linkage"": ""ward"", ""n_clusters"": 75}",67.814,,75,0,0.0,0.5819417834281921,1279.34533353767,1.6465640300090325,,,,,,
word2vec,agglomerative,42,"{""linkage"": ""ward"", ""n_clusters"": 8}",67.978,,8,0,0.0,0.1785557121038437,1030.5784993546883,3.4139027003269007,,,,,,
word2vec,kmeans,42,"{""n_clusters"": 100}",4.519,,100,0,0.0,0.6155778169631958,1308.1462807637304,1.2841619330114906,,,695347.5,,,
word2vec,kmeans,42,"{""n_clusters"": 10}",0.6,,10,0,0.0,0.0645201876759529,997.6727117047903,2.520024016734676,,,2119328.0,,,
word2vec,kmeans,42,"{""n_clusters"": 15}",0.907,,15,0,0.0,0.214752197265625,1033.533745981217,2.3212308774831887,,,1938764.5,,,
word2vec,kmeans,42,"{""n_clusters"": 20}",1.002,,20,0,0.0,0.2409181147813797,1087.4199075712577,1.977465432385464,,,1768800.625,,,
word2vec,kmeans,42,"{""n_clusters"": 2}",0.275,,2,0,0.0,-0.0104308426380157,984.94929806561,2.107323093205945,,,2451727.0,,,
word2vec,kmeans,42,"{""n_clusters"": 30}",1.504,,30,0,0.0,0.3757853806018829,1225.5561359188962,1.7455478330370269,,,1460926.0,,,
word2vec,kmeans,42,"{""n_clusters"": 3}",0.266,,3,0,0.0,0.0170242395251989,962.4678710528128,3.889636258953168,,,2407304.0,,,
word2vec,kmeans,42,"{""n_clusters"": 40}",2.026,,40,0,0.0,0.4843410551548004,1340.9991513113646,1.8311191107918856,,,1221406.375,,,
word2vec,kmeans,42,"{""n_clusters"": 4}",0.368,,4,0,0.0,-0.0581597611308097,981.565248540853,2.5632410062197244,,,2360946.75,,,
word2vec,kmeans,42,"{""n_clusters"": 50}",2.366,,50,0,0.0,0.5404993891716003,1421.0714327448438,1.5858553041040773,,,1044256.75,,,
word2vec,kmeans,42,"{""n_clusters"": 5}",0.41,,5,0,0.0,0.0937009155750274,937.4354674176312,3.792113321169132,,,2325587.25,,,
word2vec,kmeans,42,"{""n_clusters"": 75}",3.551,,75,0,0.0,0.5842559337615967,1368.5231731439574,1.3829382876062466,,,825503.375,,,
word2vec,kmeans,42,"{""n_clusters"": 8}",0.499,,8,0,0.0,-0.0043619261123239,931.611024760459,2.656406229609255,,,2211526.25,,,
word2vec,dbscan,42,"{""eps"": 1.854439, ""metric"": ""euclidean"", ""min_samples"": 5}",6.787,,682,7593,0.15186,0.9130724668502808,10603.726097117396,0.3679274318040281,,,,0.68630051612854,134.11885804783395,1.2717729687601786
word2vec,dbscan,42,"{""eps"": 2.987025, ""metric"": ""euclidean"", ""min_samples"": 10}",12.386,,280,7171,0.14342,0.7762795686721802,2358.6407837434767,0.6226904416030028,,,,0.5907859206199646,270.04759923733565,1.3320380548629205
word2vec,dbscan,42,"{""eps"": 3.871291, ""metric"": ""euclidean"", ""min_samples"": 5}",11.465,,374,3347,0.06694,0.3736796379089355,331.6533833231042,0.6681736029335266,,,,0.3178189992904663,186.20476030472943,1.284809992018625
word2vec,dbscan,42,"{""eps"": 4.811705, ""metric"": ""euclidean"", ""min_samples"": 10}",41.778,,149,3164,0.06328,0.2606460750102997,364.0030669268518,0.6137586823993265,,,,0.217223510146141,243.90331474845104,1.308596138310469
word2vec,dbscan,42,"{""eps"": 5.561356, ""metric"": ""euclidean"", ""min_samples"": 5}",38.098,,219,1622,0.03244,0.3022514283657074,227.8929908412224,0.5900241136280938,,,,0.2897205352783203,184.275772925579,1.274702745934268
word2vec,dbscan,42,"{""eps"": 6.782176, ""metric"": ""euclidean"", ""min_samples"": 10}",112.568,,84,1514,0.03028,0.3181404769420624,313.48338046363506,0.5939181668603113,,,,0.2886617481708526,262.31934392055325,1.3510885076660577
word2vec,hdbscan,42,"{""allow_single_cluster"": false, ""metric"": ""euclidean"", ""min_cluster_size"": 15, ""min_samples"": null}",50.852,,409,8000,0.16,0.9078601598739624,3035.515267306509,1.2793559404701371,,,,0.6785765886306763,202.1562244680053,1.89349911299184
word2vec,hdbscan,42,"{""allow_single_cluster"": false, ""metric"": ""euclidean"", ""min_cluster_size"": 30, ""min_samples"": null}",54.202,,206,9747,0.19494,0.9058692455291748,3880.7830347116624,1.84258535677516,,,,0.6352666616439819,288.1541300576812,2.3992116407812007
word2vec,hdbscan,42,"{""allow_single_cluster"": false, ""metric"": ""euclidean"", ""min_cluster_size"": 50, ""min_samples"": null}",60.418,,131,11693,0.23386,0.9169794917106628,4811.694293005985,2.42482772232499,,,,0.6009461879730225,330.9227384389572,2.9878766398979475
word2vec,gmm,42,"{""covariance_type"": ""diag"", ""n_components"": 10, ""reg_covar"": 0.0001}",0.759,,10,0,0.0,0.270679622888565,922.974207850428,3.5442643276196875,-2515115.540934439,-2524014.6972234086,,,,
word2vec,gmm,42,"{""covariance_type"": ""diag"", ""n_components"": 10, ""reg_covar"": 0.001}",0.748,,10,0,0.0,0.2533422708511352,913.387710123374,3.599362227325135,793426.7113129086,784527.5550239385,,,,
word2vec,gmm,42,"{""covariance_type"": ""diag"", ""n_components"": 10, ""reg_covar"": 1e-05}",0.699,,10,0,0.0,0.2705296277999878,922.1072220912988,3.544142970931748,-4367411.93465009,-4376311.09093906,,,,
word2vec,gmm,42,"{""covariance_type"": ""diag"", ""n_components"": 10, ""reg_covar"": 1e-06}",0.711,,10,0,0.0,0.2705296277999878,922.1072220912988,3.544142970931748,-6204541.882636467,-6213441.038925437,,,,
word2vec,gmm,42,"{""covariance_type"": ""diag"", ""n_components"": 100, ""reg_covar"": 0.0001}",6.531,,100,0,0.0,0.6430749893188477,958.9544373543029,2.298495720210162,-8257530.16355267,-8346601.104446929,,,,
word2vec,gmm,42,"{""covariance_type"": ""diag"", ""n_components"": 100, ""reg_covar"": 0.001}",9.619,,100,0,0.0,0.645301878452301,970.7273613950546,2.328404274915682,-5098619.297250092,-5187690.238144351,,,,
word2vec,gmm,42,"{""covariance_type"": ""diag"", ""n_components"": 100, ""reg_covar"": 1e-05}",6.26,,100,0,0.0,0.6429340839385986,952.8270926524764,2.287715720096452,-11231612.121038511,-11320683.06193277,,,,
word2vec,gmm,42,"{""covariance_type"": ""diag"", ""n_components"": 100, ""reg_covar"": 1e-06}",6.522,,100,0,0.0,0.6426795721054077,949.631209787783,2.282203879713073,-14768821.380294155,-14857892.321188414,,,,
word2vec,gmm,42,"{""covariance_type"": ""diag"", ""n_components"": 15, ""reg_covar"": 0.0001}",1.148,,15,0,0.0,0.3414422273635864,1018.1767039494372,3.1589834499492384,-3449065.466504848,-3462418.610827445,,,,
word2vec,gmm,42,"{""covariance_type"": ""diag"", ""n_components"": 15, ""reg_covar"": 0.001}",1.156,,15,0,0.0,0.3414856493473053,1018.374328066308,3.1610434199003383,-1459271.5105210375,-1472624.654843635,,,,
word2vec,gmm,42,"{""covariance_type"": ""diag"", ""n_components"": 15, ""reg_covar"": 1e-05}",1.146,,15,0,0.0,0.3414544463157654,1017.7785886313904,3.159400020431983,-5326453.456584672,-5339806.60090727,,,,
word2vec,gmm,42,"{""covariance_type"": ""diag"", ""n_components"": 15, ""reg_covar"": 1e-06}",1.178,,15,0,0.0,0.3414544463157654,1017.7785886313904,3.159400020431983,-7168686.135022144,-7182039.279344741,,,,
word2vec,gmm,42,"{""covariance_type"": ""diag"", ""n_components"": 2, ""reg_covar"": 0.0001}",0.252,,2,0,0.0,0.0007100826478563,812.0923844737551,1.4417454710922224,6898562.144767299,6896789.369332133,,,,
word2vec,gmm,42,"{""covariance_type"": ""diag"", ""n_components"": 2, ""reg_covar"": 0.001}",0.252,,2,0,0.0,0.0007100826478563,812.0923844737551,1.4417454710922224,6899798.164342294,6898025.388907128,,,,
word2vec,gmm,42,"{""covariance_type"": ""diag"", ""n_components"": 2, ""reg_covar"": 1e-05}",0.248,,2,0,0.0,0.0007100826478563,812.0923844737551,1.4417454710922224,6898532.08868931,6896759.313254143,,,,
word2vec,gmm,42,"{""covariance_type"": ""diag"", ""n_components"": 2, ""reg_covar"": 1e-06}",0.256,,2,0,0.0,0.0007100826478563,812.0923844737551,1.4417454710922224,6898531.743303469,6896758.967868303,,,,
word2vec,gmm,42,"{""covariance_type"": ""diag"", ""n_components"": 20, ""reg_covar"": 0.0001}",1.278,,20,0,0.0,0.3492012917995453,944.709944956307,2.9705434973308407,-3567962.406429802,-3585769.538786026,,,,
word2vec,gmm,42,"{""covariance_type"": ""diag"", ""n_components"": 20, ""reg_covar"": 0.001}",1.302,,20,0,0.0,0.3492579162120819,945.798362104636,2.970154339446842,-1577120.0284723665,-1594927.1608285909,,,,
word2vec,gmm,42,"{""covariance_type"": ""diag"", ""n_components"": 20, ""reg_covar"": 1e-05}",1.332,,20,0,0.0,0.349207729101181,944.678942875297,2.970352901387053,-5445456.703532247,-5463263.835888471,,,,
word2vec,gmm,42,"{""covariance_type"": ""diag"", ""n_components"": 20, ""reg_covar"": 1e-06}",1.249,,20,0,0.0,0.349207729101181,944.678942875297,2.970352901387053,-7287692.50541982,-7305499.637776044,,,,
word2vec,gmm,42,"{""covariance_type"": ""diag"", ""n_components"": 3, ""reg_covar"": 0.0001}",0.221,,3,0,0.0,0.0203785151243209,814.9113378244625,1.2700830482230083,6394652.131713336,6391988.558671445,,,,
word2vec,gmm,42,"{""covariance_type"": ""diag"", ""n_components"": 3, ""reg_covar"": 0.001}",0.23,,3,0,0.0,0.0203785151243209,814.9113378244625,1.2700830482230083,6514586.378441031,6511922.805399139,,,,
word2vec,gmm,42,"{""covariance_type"": ""diag"", ""n_components"": 3, ""reg_covar"": 1e-05}",0.228,,3,0,0.0,0.0203785151243209,814.9113378244625,1.2700830482230083,6275923.815324446,6273260.2422825545,,,,
word2vec,gmm,42,"{""covariance_type"": ""diag"", ""n_components"": 3, ""reg_covar"": 1e-06}",0.222,,3,0,0.0,0.0203785151243209,814.9113378244625,1.2700830482230083,6157225.217270292,6154561.644228401,,,,
word2vec,gmm,42,"{""covariance_type"": ""diag"", ""n_components"": 30, ""reg_covar"": 0.0001}",2.936,,30,0,0.0,0.4990595579147339,956.6832409662312,3.1600875612491737,-5326299.674166098,-5353014.782589577,,,,
word2vec,gmm,42,"{""covariance_type"": ""diag"", ""n_components"": 30, ""reg_covar"": 0.001}",3.086,,30,0,0.0,0.4994283318519592,958.332023164118,3.163192466760361,-3145980.6934957686,-3172695.8019192475,,,,
word2vec,gmm,42,"{""covariance_type"": ""diag"", ""n_components"": 30, ""reg_covar"": 1e-05}",3.086,,30,0,0.0,0.4990544021129608,956.6887877202096,3.160055974867306,-7350256.871590622,-7376971.980014101,,,,
word2vec,gmm,42,"{""covariance_type"": ""diag"", ""n_components"": 30, ""reg_covar"": 1e-06}",2.88,,30,0,0.0,0.4953571259975433,946.8057757945178,3.1584662025214336,-9739963.542389937,-9766678.650813416,,,,
word2vec,gmm,42,"{""covariance_type"": ""diag"", ""n_components"": 4, ""reg_covar"": 0.0001}",0.273,,4,0,0.0,0.1217645108699798,877.7024223308488,3.452194021978043,3338351.6937118936,3334797.323063276,,,,
word2vec,gmm,42,"{""covariance_type"": ""diag"", ""n_components"": 4, ""reg_covar"": 0.001}",0.308,,4,0,0.0,0.1217645108699798,877.7024223308488,3.452194021978043,3473052.0239921445,3469497.653343527,,,,
word2vec,gmm,42,"{""covariance_type"": ""diag"", ""n_components"": 4, ""reg_covar"": 1e-05}",0.291,,4,0,0.0,0.1217645108699798,877.7024223308488,3.452194021978043,3219351.31850078,3215796.947852162,,,,
word2vec,gmm,42,"{""covariance_type"": ""diag"", ""n_components"": 4, ""reg_covar"": 1e-06}",0.273,,4,0,0.0,0.1217645108699798,877.7024223308488,3.452194021978043,3100649.758778708,3097095.38813009,,,,
word2vec,gmm,42,"{""covariance_type"": ""diag"", ""n_components"": 40, ""reg_covar"": 0.0001}",3.715,,40,0,0.0,0.5262001156806946,1046.835378180471,2.6464638798418685,-5752537.03100682,-5788160.115497553,,,,
word2vec,gmm,42,"{""covariance_type"": ""diag"", ""n_components"": 40, ""reg_covar"": 0.001}",3.833,,40,0,0.0,0.5332738757133484,1064.7801606679152,2.640921094530306,-3365620.0134495148,-3401243.097940248,,,,
word2vec,gmm,42,"{""covariance_type"": ""diag"", ""n_components"": 40, ""reg_covar"": 1e-05}",3.502,,40,0,0.0,0.5263098478317261,1048.1183782870382,2.648421983265817,-7893684.941035467,-7929308.0255262,,,,
word2vec,gmm,42,"{""covariance_type"": ""diag"", ""n_components"": 40, ""reg_covar"": 1e-06}",3.464,,40,0,0.0,0.5246604681015015,1042.522102728154,2.650297890544936,-10605909.86183584,-10641532.946326572,,,,
word2vec,gmm,42,"{""covariance_type"": ""diag"", ""n_components"": 5, ""reg_covar"": 0.0001}",0.289,,5,0,0.0,0.1269241273403167,841.4998068234988,3.021893256984122,3299060.411200572,3294615.2429452287,,,,
word2vec,gmm,42,"{""covariance_type"": ""diag"", ""n_components"": 5, ""reg_covar"": 0.001}",0.365,,5,0,0.0,0.1269241273403167,841.4998068234988,3.021893256984122,3433776.9331980706,3429331.764942728,,,,
word2vec,gmm,42,"{""covariance_type"": ""diag"", ""n_components"": 5, ""reg_covar"": 1e-05}",0.293,,5,0,0.0,0.1269241273403167,841.4998068234988,3.021893256984122,3180059.816575091,3175614.648319748,,,,
word2vec,gmm,42,"{""covariance_type"": ""diag"", ""n_components"": 5, ""reg_covar"": 1e-06}",0.3,,5,0,0.0,0.1269241273403167,841.4998068234988,3.021893256984122,3061358.253757636,3056913.085502293,,,,
word2vec,gmm,42,"{""covariance_type"": ""diag"", ""n_components"": 50, ""reg_covar"": 0.0001}",3.358,,50,0,0.0,0.5433968901634216,1082.099768015713,2.252022746162724,-5932773.675994664,-5977304.736552651,,,,
word2vec,gmm,42,"{""covariance_type"": ""diag"", ""n_components"": 50, ""reg_covar"": 0.001}",3.851,,50,0,0.0,0.5473825931549072,1096.7488136545203,2.269794386188396,-3490414.1433879994,-3534945.203945987,,,,
word2vec,gmm,42,"{""covariance_type"": ""diag"", ""n_components"": 50, ""reg_covar"": 1e-05}",4.515,,50,0,0.0,0.5432953834533691,1073.479352824308,2.277917120006814,-8091683.974200287,-8136215.034758274,,,,
word2vec,gmm,42,"{""covariance_type"": ""diag"", ""n_components"": 50, ""reg_covar"": 1e-06}",4.764,,50,0,0.0,0.5426871180534363,1068.5482184367704,2.277077455942558,-10826929.745459322,-10871460.80601731,,,,
word2vec,gmm,42,"{""covariance_type"": ""diag"", ""n_components"": 75, ""reg_covar"": 0.0001}",4.031,,75,0,0.0,0.6076652407646179,1000.3831997750426,2.288145018199158,-7530423.317738832,-7597224.318464955,,,,
word2vec,gmm,42,"{""covariance_type"": ""diag"", ""n_components"": 75, ""reg_covar"": 0.001}",4.183,,75,0,0.0,0.6123213768005371,1023.6898904828932,2.3100381733647346,-4553230.100459707,-4620031.10118583,,,,
word2vec,gmm,42,"{""covariance_type"": ""diag"", ""n_components"": 75, ""reg_covar"": 1e-05}",4.504,,75,0,0.0,0.6074500679969788,998.4000442212434,2.2832584078418674,-10266436.375607949,-10333237.376334071,,,,
word2vec,gmm,42,"{""covariance_type"": ""diag"", ""n_components"": 75, ""reg_covar"": 1e-06}",4.438,,75,0,0.0,0.6072869300842285,996.9906276963668,2.287853808925078,-13596777.423549386,-13663578.42427551,,,,
word2vec,gmm,42,"{""covariance_type"": ""diag"", ""n_components"": 8, ""reg_covar"": 0.0001}",0.582,,8,0,0.0,0.2013759315013885,914.1134398565204,3.2313639692289264,1240799.6897443803,1233682.1286688612,,,,
word2vec,gmm,42,"{""covariance_type"": ""diag"", ""n_components"": 8, ""reg_covar"": 0.001}",0.716,,8,0,0.0,0.2014219164848327,914.264317520256,3.231850310298172,1854647.4404564644,1847529.879380945,,,,
word2vec,gmm,42,"{""covariance_type"": ""diag"", ""n_components"": 8, ""reg_covar"": 1e-05}",0.638,,8,0,0.0,0.2013680934906005,914.3198061167078,3.2272727518727686,720151.2984977079,713033.7374221889,,,,
word2vec,gmm,42,"{""covariance_type"": ""diag"", ""n_components"": 8, ""reg_covar"": 1e-06}",0.614,,8,0,0.0,0.2013680934906005,914.3198061167078,3.2272727518727686,220998.4173641639,213880.8562886448,,,,
doc2vec,agglomerative,42,"{""linkage"": ""ward"", ""n_clusters"": 100}",82.83,,100,0,0.0,-0.0450387075543403,267.64536657885293,2.338225146490128,,,,,,
doc2vec,agglomerative,42,"{""linkage"": ""ward"", ""n_clusters"": 10}",80.448,,10,0,0.0,-0.0728162825107574,492.88299714340656,3.3799804705501706,,,,,,
doc2vec,agglomerative,42,"{""linkage"": ""ward"", ""n_clusters"": 15}",82.06,,15,0,0.0,-0.0585578121244907,464.4184067907699,3.083232261250648,,,,,,
doc2vec,agglomerative,42,"{""linkage"": ""ward"", ""n_clusters"": 20}",80.517,,20,0,0.0,-0.0283588748425245,439.9820650472968,3.411732668885974,,,,,,
doc2vec,agglomerative,42,"{""linkage"": ""ward"", ""n_clusters"": 2}",87.781,,2,0,0.0,-0.0369469113647937,596.9041813750594,5.925606772459114,,,,,,
doc2vec,agglomerative,42,"{""linkage"": ""ward"", ""n_clusters"": 30}",82.337,,30,0,0.0,-0.0249056313186883,402.6704246024865,3.1874685363250976,,,,,,
doc2vec,agglomerative,42,"{""linkage"": ""ward"", ""n_clusters"": 3}",84.078,,3,0,0.0,-0.1067884787917137,560.0359795417885,4.668982273669268,,,,,,
doc2vec,agglomerative,42,"{""linkage"": ""ward"", ""n_clusters"": 40}",81.777,,40,0,0.0,-0.0144935054704546,373.40666278162,2.925876860723436,,,,,,
doc2vec,agglomerative,42,"{""linkage"": ""ward"", ""n_clusters"": 4}",84.348,,4,0,0.0,-0.1041593998670578,547.4724008385273,3.879974293034589,,,,,,
doc2vec,agglomerative,42,"{""linkage"": ""ward"", ""n_clusters"": 50}",82.307,,50,0,0.0,-0.0133122205734252,349.9959829623725,2.643523548572765,,,,,,
doc2vec,agglomerative,42,"{""linkage"": ""ward"", ""n_clusters"": 5}",82.299,,5,0,0.0,-0.1003574728965759,531.1426505744237,3.5389470867439288,,,,,,
doc2vec,agglomerative,42,"{""linkage"": ""ward"", ""n_clusters"": 75}",81.638,,75,0,0.0,0.0017301815096288,303.24229011457226,2.3776368447002487,,,,,,
doc2vec,agglomerative,42,"{""linkage"": ""ward"", ""n_clusters"": 8}",80.641,,8,0,0.0,-0.0834638699889183,504.7327334477993,3.4459733831231256,,,,,,
doc2vec,kmeans,42,"{""n_clusters"": 100}",6.026,,100,0,0.0,-0.0312124453485012,306.37495180836174,2.2235708945860524,,,1554883.375,,,
doc2vec,kmeans,42,"{""n_clusters"": 10}",0.845,,10,0,0.0,-0.0166871976107358,589.2337158198135,4.084330534462788,,,2260228.75,,,
doc2vec,kmeans,42,"{""n_clusters"": 15}",1.314,,15,0,0.0,-0.0023367966059595,556.0475639992392,3.3015571969608577,,,2163116.0,,,
doc2vec,kmeans,42,"{""n_clusters"": 20}",1.445,,20,0,0.0,-0.0272672828286886,512.8735636105336,3.172286731547262,,,2092103.375,,,
doc2vec,kmeans,42,"{""n_clusters"": 2}",0.383,,2,0,0.0,0.1149683073163032,708.9502811518995,6.945008406631476,,,2465048.25,,,
doc2vec,kmeans,42,"{""n_clusters"": 30}",1.957,,30,0,0.0,-0.0305233709514141,479.6959290876859,2.8069000001991955,,,1955583.375,,,
doc2vec,kmeans,42,"{""n_clusters"": 3}",0.318,,3,0,0.0,-0.0143669247627258,692.8697249416969,5.910607263175553,,,2432578.5,,,
doc2vec,kmeans,42,"{""n_clusters"": 40}",2.359,,40,0,0.0,-0.0236726589500904,440.9167377546465,2.4646232813369267,,,1859855.875,,,
doc2vec,kmeans,42,"{""n_clusters"": 4}",0.432,,4,0,0.0,0.0136563433334231,646.2815579219485,4.976023907904865,,,2406670.5,,,
doc2vec,kmeans,42,"{""n_clusters"": 50}",2.954,,50,0,0.0,-0.0314729362726211,411.2154414758495,2.5022548969561536,,,1781395.25,,,
doc2vec,kmeans,42,"{""n_clusters"": 5}",0.434,,5,0,0.0,0.0110149597749114,646.4142626304033,4.665167118772779,,,2377063.25,,,
doc2vec,kmeans,42,"{""n_clusters"": 75}",5.043,,75,0,0.0,-0.0302651636302471,355.0205554718148,2.149676191738051,,,1638034.5,,,
doc2vec,kmeans,42,"{""n_clusters"": 8}",0.65,,8,0,0.0,-0.0080059971660375,608.048438098527,4.195081627264573,,,2303850.0,,,
doc2vec,dbscan,42,"{""eps"": 5.86275, ""metric"": ""euclidean"", ""min_samples"": 5}",57.812,,11,8367,0.16734,0.2378455549478531,25.28737962933064,1.2977010428998028,,,,0.1374817192554474,29.324285494084886,4.037797999884623
doc2vec,dbscan,42,"{""eps"": 6.128241, ""metric"": ""euclidean"", ""min_samples"": 10}",101.545,,2,7636,0.15272,0.5276615023612976,143.9750520668687,0.7435851790827437,,,,0.3862790167331695,139.10385634374023,9.323136269239267
doc2vec,dbscan,42,"{""eps"": 7.376034, ""metric"": ""euclidean"", ""min_samples"": 5}",143.002,,11,3924,0.07848,0.4114288091659546,48.15738677214111,0.9314097413991764,,,,0.3024799227714538,47.014158202871336,3.3034871903414373
doc2vec,dbscan,42,"{""eps"": 7.758264, ""metric"": ""euclidean"", ""min_samples"": 10}",213.99,,2,3498,0.06996,0.4882738292217254,180.65998918358392,0.8386754382261686,,,,0.4445200562477112,176.72030172605656,7.702575964537221
doc2vec,dbscan,42,"{""eps"": 8.990741, ""metric"": ""euclidean"", ""min_samples"": 5}",297.942,,5,1883,0.03766,0.5100839734077454,36.143958399704346,0.7890339251125738,,,,0.4372746050357818,73.18803494430608,4.113943182863922
doc2vec,dbscan,42,"{""eps"": 9.533955, ""metric"": ""euclidean"", ""min_samples"": 10}",386.407,,2,1637,0.03274,0.5350874066352844,49.55248094580283,0.7636678011925759,,,,0.4258873164653778,155.98931362782758,6.290817457535588
doc2vec,hdbscan,42,"{""allow_single_cluster"": false, ""metric"": ""euclidean"", ""min_cluster_size"": 15, ""min_samples"": null}",142.029,,6,20278,0.40556,0.2965399026870727,276.80263044319,1.0040101448756888,,,,0.0500282645225524,110.61909604120692,4.658403266472129
doc2vec,hdbscan,42,"{""allow_single_cluster"": false, ""metric"": ""euclidean"", ""min_cluster_size"": 30, ""min_samples"": null}",150.501,,3,13841,0.27682,0.3896382451057434,243.56159495886823,0.9413810755435256,,,,0.216973602771759,133.15307856160953,7.612163458555599
doc2vec,hdbscan,42,"{""allow_single_cluster"": false, ""metric"": ""euclidean"", ""min_cluster_size"": 50, ""min_samples"": null}",136.425,,2,13296,0.26592,0.4028684198856354,205.67813589261127,0.986237122416781,,,,0.2129982411861419,146.962923309874,9.726484138683483
doc2vec,gmm,42,"{""covariance_type"": ""diag"", ""n_components"": 10, ""reg_covar"": 0.0001}",1.456,,10,0,0.0,-0.0437044203281402,307.76457296885786,8.970453207606578,5258306.357661627,5249407.201372657,,,,
doc2vec,gmm,42,"{""covariance_type"": ""diag"", ""n_components"": 10, ""reg_covar"": 0.001}",1.481,,10,0,0.0,-0.0430025160312652,308.9974278557527,8.964633317399318,5258451.712831888,5249552.556542918,,,,
doc2vec,gmm,42,"{""covariance_type"": ""diag"", ""n_components"": 10, ""reg_covar"": 1e-05}",1.432,,10,0,0.0,-0.0438592173159122,307.6990541831042,8.97269000824403,5258289.273732882,5249390.117443912,,,,
doc2vec,gmm,42,"{""covariance_type"": ""diag"", ""n_components"": 10, ""reg_covar"": 1e-06}",1.42,,10,0,0.0,-0.0438611097633838,307.6981243064497,8.97262527749877,5258287.61963564,5249388.463346669,,,,
doc2vec,gmm,42,"{""covariance_type"": ""diag"", ""n_components"": 100, ""reg_covar"": 0.0001}",9.965,,100,0,0.0,-0.0645588636398315,219.08390335446936,4.137397986255681,4892750.213593978,4803679.272699719,,,,
doc2vec,gmm,42,"{""covariance_type"": ""diag"", ""n_components"": 100, ""reg_covar"": 0.001}",10.144,,100,0,0.0,-0.0630805045366287,219.29464430891247,4.131777468033833,4894113.288170959,4805042.3472767,,,,
doc2vec,gmm,42,"{""covariance_type"": ""diag"", ""n_components"": 100, ""reg_covar"": 1e-05}",9.983,,100,0,0.0,-0.0647627711296081,219.0680526947204,4.135752056100565,4891694.336014003,4802623.395119743,,,,
doc2vec,gmm,42,"{""covariance_type"": ""diag"", ""n_components"": 100, ""reg_covar"": 1e-06}",9.924,,100,0,0.0,-0.0648043602705001,219.0490695282839,4.133121913521687,4890654.521755908,4801583.580861649,,,,
doc2vec,gmm,42,"{""covariance_type"": ""diag"", ""n_components"": 15, ""reg_covar"": 0.0001}",1.578,,15,0,0.0,-0.0379655137658119,306.5770288129453,7.292658792489266,5217964.977718888,5204611.83339629,,,,
doc2vec,gmm,42,"{""covariance_type"": ""diag"", ""n_components"": 15, ""reg_covar"": 0.001}",1.589,,15,0,0.0,-0.0355830416083335,308.31507987396793,7.293455024855327,5218198.364139778,5204845.21981718,,,,
doc2vec,gmm,42,"{""covariance_type"": ""diag"", ""n_components"": 15, ""reg_covar"": 1e-05}",1.609,,15,0,0.0,-0.0383267514407634,306.31671005366604,7.297437487976739,5217945.334277169,5204592.189954571,,,,
doc2vec,gmm,42,"{""covariance_type"": ""diag"", ""n_components"": 15, ""reg_covar"": 1e-06}",1.585,,15,0,0.0,-0.0383267514407634,306.3124607070766,7.297423105264472,5217943.403941255,5204590.259618658,,,,
doc2vec,gmm,42,"{""covariance_type"": ""diag"", ""n_components"": 2, ""reg_covar"": 0.0001}",0.737,,2,0,0.0,0.2482966780662536,224.1483258597151,13.465893653616256,5932716.1960759815,5930943.420640815,,,,
doc2vec,gmm,42,"{""covariance_type"": ""diag"", ""n_components"": 2, ""reg_covar"": 0.001}",0.732,,2,0,0.0,0.2498993873596191,223.7551200680357,13.48086177650935,5932755.552799337,5930982.77736417,,,,
doc2vec,gmm,42,"{""covariance_type"": ""diag"", ""n_components"": 2, ""reg_covar"": 1e-05}",0.731,,2,0,0.0,0.2482966780662536,224.17967683436905,13.464652518403692,5932713.864038058,5930941.088602891,,,,
doc2vec,gmm,42,"{""covariance_type"": ""diag"", ""n_components"": 2, ""reg_covar"": 1e-06}",0.803,,2,0,0.0,0.2482966780662536,224.17967683436905,13.464652518403692,5932713.647068211,5930940.871633044,,,,
doc2vec,gmm,42,"{""covariance_type"": ""diag"", ""n_components"": 20, ""reg_covar"": 0.0001}",2.411,,20,0,0.0,-0.0847512185573577,293.984682391008,6.982334917945612,5119168.542620329,5101361.410264105,,,,
doc2vec,gmm,42,"{""covariance_type"": ""diag"", ""n_components"": 20, ""reg_covar"": 0.001}",2.564,,20,0,0.0,-0.0833373069763183,294.64849982910454,6.982827125544283,5119256.212245071,5101449.079888847,,,,
doc2vec,gmm,42,"{""covariance_type"": ""diag"", ""n_components"": 20, ""reg_covar"": 1e-05}",2.418,,20,0,0.0,-0.084952637553215,293.9268270231574,6.98946551179079,5119146.259971726,5101339.127615501,,,,
doc2vec,gmm,42,"{""covariance_type"": ""diag"", ""n_components"": 20, ""reg_covar"": 1e-06}",2.398,,20,0,0.0,-0.0849493443965911,293.9302733559176,6.988135377909049,5119144.1650389945,5101337.03268277,,,,
doc2vec,gmm,42,"{""covariance_type"": ""diag"", ""n_components"": 3, ""reg_covar"": 0.0001}",0.789,,3,0,0.0,-0.0174375101923942,261.1652013043406,12.37034662932578,5646359.153217902,5643695.580176011,,,,
doc2vec,gmm,42,"{""covariance_type"": ""diag"", ""n_components"": 3, ""reg_covar"": 0.001}",0.832,,3,0,0.0,-0.008522268384695,259.57184367520614,12.346469787891571,5647052.068437501,5644388.495395609,,,,
doc2vec,gmm,42,"{""covariance_type"": ""diag"", ""n_components"": 3, ""reg_covar"": 1e-05}",0.776,,3,0,0.0,-0.0181949101388454,261.7382834169079,12.364744958651404,5646295.068701504,5643631.495659612,,,,
doc2vec,gmm,42,"{""covariance_type"": ""diag"", ""n_components"": 3, ""reg_covar"": 1e-06}",0.789,,3,0,0.0,-0.0181949101388454,261.6824422859664,12.365161207913465,5646288.790486899,5643625.217445008,,,,
doc2vec,gmm,42,"{""covariance_type"": ""diag"", ""n_components"": 30, ""reg_covar"": 0.0001}",6.148,,30,0,0.0,-0.0796138644218444,282.6329726699622,5.868093164900704,5057673.05759385,5030957.949170372,,,,
doc2vec,gmm,42,"{""covariance_type"": ""diag"", ""n_components"": 30, ""reg_covar"": 0.001}",6.551,,30,0,0.0,-0.0779405385255813,283.0409475680539,5.872029513119167,5057859.305171182,5031144.196747704,,,,
doc2vec,gmm,42,"{""covariance_type"": ""diag"", ""n_components"": 30, ""reg_covar"": 1e-05}",6.097,,30,0,0.0,-0.079677440226078,282.60201229616405,5.876219539551729,5057706.143399687,5030991.034976208,,,,
doc2vec,gmm,42,"{""covariance_type"": ""diag"", ""n_components"": 30, ""reg_covar"": 1e-06}",6.107,,30,0,0.0,-0.0796848982572555,282.60850148982007,5.872253506001689,5057700.8523171125,5030985.743893634,,,,
doc2vec,gmm,42,"{""covariance_type"": ""diag"", ""n_components"": 4, ""reg_covar"": 0.0001}",0.615,,4,0,0.0,-0.0634637475013732,260.7985584967886,10.61035470276529,5474625.012480254,5471070.641831637,,,,
doc2vec,gmm,42,"{""covariance_type"": ""diag"", ""n_components"": 4, ""reg_covar"": 0.001}",0.616,,4,0,0.0,-0.0625050514936447,261.7354447436378,10.615533320353595,5474676.108281385,5471121.737632768,,,,
doc2vec,gmm,42,"{""covariance_type"": ""diag"", ""n_components"": 4, ""reg_covar"": 1e-05}",0.591,,4,0,0.0,-0.0635475739836692,260.7941185296226,10.608928764584697,5474622.992360733,5471068.6217121165,,,,
doc2vec,gmm,42,"{""covariance_type"": ""diag"", ""n_components"": 4, ""reg_covar"": 1e-06}",0.616,,4,0,0.0,-0.0635475739836692,260.80723876116315,10.608998548271462,5474622.840747149,5471068.470098532,,,,
doc2vec,gmm,42,"{""covariance_type"": ""diag"", ""n_components"": 40, ""reg_covar"": 0.0001}",4.651,,40,0,0.0,-0.0713097676634788,280.49168072958173,5.192760963033882,5023217.536849629,4987594.452358896,,,,
doc2vec,gmm,42,"{""covariance_type"": ""diag"", ""n_components"": 40, ""reg_covar"": 0.001}",4.721,,40,0,0.0,-0.069495104253292,281.0091772660873,5.169400438410572,5023369.005441561,4987745.920950828,,,,
doc2vec,gmm,42,"{""covariance_type"": ""diag"", ""n_components"": 40, ""reg_covar"": 1e-05}",4.768,,40,0,0.0,-0.0714200958609581,280.414734448907,5.193725961365187,5023202.379895295,4987579.295404562,,,,
doc2vec,gmm,42,"{""covariance_type"": ""diag"", ""n_components"": 40, ""reg_covar"": 1e-06}",4.665,,40,0,0.0,-0.0714166462421417,280.4018839265484,5.195895461456141,5023200.661021454,4987577.576530721,,,,
doc2vec,gmm,42,"{""covariance_type"": ""diag"", ""n_components"": 5, ""reg_covar"": 0.0001}",0.628,,5,0,0.0,-0.0659176781773567,317.1883787929945,9.76331103072015,5405999.023720447,5401553.855465104,,,,
doc2vec,gmm,42,"{""covariance_type"": ""diag"", ""n_components"": 5, ""reg_covar"": 0.001}",0.639,,5,0,0.0,-0.0652982145547866,318.227925348914,9.76481361725537,5406001.978516781,5401556.810261438,,,,
doc2vec,gmm,42,"{""covariance_type"": ""diag"", ""n_components"": 5, ""reg_covar"": 1e-05}",0.639,,5,0,0.0,-0.0659465789794921,317.02092881590545,9.760518820176053,5406003.297491547,5401558.129236204,,,,
doc2vec,gmm,42,"{""covariance_type"": ""diag"", ""n_components"": 5, ""reg_covar"": 1e-06}",0.641,,5,0,0.0,-0.0659465789794921,317.02092881590545,9.760518820176053,5406003.771668962,5401558.603413619,,,,
doc2vec,gmm,42,"{""covariance_type"": ""diag"", ""n_components"": 50, ""reg_covar"": 0.0001}",7.273,,50,0,0.0,-0.0631267577409744,277.9491130087871,5.047949430612736,4991425.50908783,4946894.448529842,,,,
doc2vec,gmm,42,"{""covariance_type"": ""diag"", ""n_components"": 50, ""reg_covar"": 0.001}",7.39,,50,0,0.0,-0.0611956343054771,278.3018619860773,5.050523021310969,4991744.403459091,4947213.342901103,,,,
doc2vec,gmm,42,"{""covariance_type"": ""diag"", ""n_components"": 50, ""reg_covar"": 1e-05}",7.251,,50,0,0.0,-0.0633283630013465,277.9690721850829,5.044434639871517,4991294.498415854,4946763.437857866,,,,
doc2vec,gmm,42,"{""covariance_type"": ""diag"", ""n_components"": 50, ""reg_covar"": 1e-06}",7.254,,50,0,0.0,-0.0633287504315376,277.96799262688364,5.0436555136760255,4991177.595804932,4946646.535246944,,,,
doc2vec,gmm,42,"{""covariance_type"": ""diag"", ""n_components"": 75, ""reg_covar"": 0.0001}",11.87,,75,0,0.0,-0.0723123773932457,236.3665002851746,4.358693442949839,4925112.847329726,4858311.846603603,,,,
doc2vec,gmm,42,"{""covariance_type"": ""diag"", ""n_components"": 75, ""reg_covar"": 0.001}",8.274,,75,0,0.0,-0.068887859582901,239.8804492216826,4.290634282188472,4932653.003786516,4865852.003060393,,,,
doc2vec,gmm,42,"{""covariance_type"": ""diag"", ""n_components"": 75, ""reg_covar"": 1e-05}",11.857,,75,0,0.0,-0.0726290643215179,236.41664403215407,4.358290035338942,4924292.288889756,4857491.288163632,,,,
doc2vec,gmm,42,"{""covariance_type"": ""diag"", ""n_components"": 75, ""reg_covar"": 1e-06}",11.859,,75,0,0.0,-0.0726320818066597,236.41807993149624,4.358293953316615,4923483.329752081,4856682.329025958,,,,
doc2vec,gmm,42,"{""covariance_type"": ""diag"", ""n_components"": 8, ""reg_covar"": 0.0001}",0.614,,8,0,0.0,-0.04325482994318,340.1837557218612,9.95590583740586,5276828.106405291,5269710.545329772,,,,
doc2vec,gmm,42,"{""covariance_type"": ""diag"", ""n_components"": 8, ""reg_covar"": 0.001}",0.613,,8,0,0.0,-0.0424401722848415,340.7221800102749,9.933834538910856,5276935.748451372,5269818.187375853,,,,
doc2vec,gmm,42,"{""covariance_type"": ""diag"", ""n_components"": 8, ""reg_covar"": 1e-05}",0.62,,8,0,0.0,-0.0432786419987678,340.1561347539745,9.955676730610117,5276821.511243746,5269703.950168227,,,,
doc2vec,gmm,42,"{""covariance_type"": ""diag"", ""n_components"": 8, ""reg_covar"": 1e-06}",0.6,,8,0,0.0,-0.0432786419987678,340.14301009628247,9.95583501996702,5276820.894510466,5269703.333434947,,,,
sbert,agglomerative,42,"{""linkage"": ""ward"", ""n_clusters"": 100}",67.155,,100,0,0.0,0.5919038653373718,744.7867268428882,1.9001306606926025,,,,,,
sbert,agglomerative,42,"{""linkage"": ""ward"", ""n_clusters"": 10}",68.981,,10,0,0.0,0.1950880587100982,1003.2791459275678,2.63031361581823,,,,,,
sbert,agglomerative,42,"{""linkage"": ""ward"", ""n_clusters"": 15}",66.79,,15,0,0.0,0.3397131860256195,1019.2305165661476,2.5799600315902165,,,,,,
sbert,agglomerative,42,"{""linkage"": ""ward"", ""n_clusters"": 20}",67.363,,20,0,0.0,0.3789449036121368,1022.0661982993744,2.873743881634385,,,,,,
sbert,agglomerative,42,"{""linkage"": ""ward"", ""n_clusters"": 2}",69.347,,2,0,0.0,0.0641072168946266,955.0883931655388,2.772980466140495,,,,,,
sbert,agglomerative,42,"{""linkage"": ""ward"", ""n_clusters"": 30}",66.965,,30,0,0.0,0.4275469779968261,994.5099473587832,2.531855199841094,,,,,,
sbert,agglomerative,42,"{""linkage"": ""ward"", ""n_clusters"": 3}",86.574,,3,0,0.0,0.0765183195471763,959.9352756143462,2.241770160459314,,,,,,
sbert,agglomerative,42,"{""linkage"": ""ward"", ""n_clusters"": 40}",67.157,,40,0,0.0,0.4522043466567993,951.7609573753846,2.322165389285704,,,,,,
sbert,agglomerative,42,"{""linkage"": ""ward"", ""n_clusters"": 4}",84.475,,4,0,0.0,0.0702316537499427,968.9658544480236,3.2603770467273154,,,,,,
sbert,agglomerative,42,"{""linkage"": ""ward"", ""n_clusters"": 50}",67.226,,50,0,0.0,0.4881722629070282,905.1194047476996,2.3448322879804504,,,,,,
sbert,agglomerative,42,"{""linkage"": ""ward"", ""n_clusters"": 5}",66.912,,5,0,0.0,0.1071826666593551,979.6163289155452,3.2263529050226127,,,,,,
sbert,agglomerative,42,"{""linkage"": ""ward"", ""n_clusters"": 75}",66.442,,75,0,0.0,0.5490268468856812,812.0862177063577,2.05706275050396,,,,,,
sbert,agglomerative,42,"{""linkage"": ""ward"", ""n_clusters"": 8}",66.729,,8,0,0.0,0.168447270989418,994.7970844371883,2.9055548870885364,,,,,,
sbert,kmeans,42,"{""n_clusters"": 100}",6.193,,100,0,0.0,0.5827099084854126,809.699492011391,1.7674707058272272,,,959165.5,,,
sbert,kmeans,42,"{""n_clusters"": 10}",0.802,,10,0,0.0,0.0488812029361724,956.3959002943984,1.7706072193191649,,,2132760.5,,,
sbert,kmeans,42,"{""n_clusters"": 15}",1.317,,15,0,0.0,0.1731816530227661,1019.737290870502,2.6836316569541268,,,1944591.625,,,
sbert,kmeans,42,"{""n_clusters"": 20}",1.39,,20,0,0.0,0.2939332127571106,1011.133437289452,2.5848419836013488,,,1805908.25,,,
sbert,kmeans,42,"{""n_clusters"": 2}",0.353,,2,0,0.0,0.2735114693641662,996.623040612377,5.626683519895175,,,2451137.5,,,
sbert,kmeans,42,"{""n_clusters"": 30}",2.08,,30,0,0.0,0.4005413651466369,1070.9529676520954,2.1620570790033127,,,1541753.5,,,
sbert,kmeans,42,"{""n_clusters"": 3}",0.325,,3,0,0.0,0.2702576220035553,954.5661449701308,2.1102436641433955,,,2408046.25,,,
sbert,kmeans,42,"{""n_clusters"": 40}",2.516,,40,0,0.0,0.4680245518684387,1042.3398903849177,1.966115801140148,,,1378411.875,,,
sbert,kmeans,42,"{""n_clusters"": 4}",0.441,,4,0,0.0,-0.0072669768705964,953.512209527516,3.2867239821661727,,,2364706.5,,,
sbert,kmeans,42,"{""n_clusters"": 50}",2.935,,50,0,0.0,0.4870661199092865,983.3770517853088,1.9470219534706248,,,1272470.0,,,
sbert,kmeans,42,"{""n_clusters"": 5}",0.436,,5,0,0.0,-0.0143601838499307,933.2974986825408,2.145695583316086,,,2326290.75,,,
sbert,kmeans,42,"{""n_clusters"": 75}",5.015,,75,0,0.0,0.5540087819099426,888.0889090893119,1.7982933126648653,,,1079281.125,,,
sbert,kmeans,42,"{""n_clusters"": 8}",0.731,,8,0,0.0,-0.0053397407755255,931.616740745147,3.0180679853740795,,,2211505.25,,,
sbert,dbscan,42,"{""eps"": 5.559194, ""metric"": ""euclidean"", ""min_samples"": 5}",39.223,,352,6056,0.12112,0.3301399350166321,164.3165496680936,0.9581068380314436,,,,0.2523371279239654,97.25947773413182,1.281857150937848
sbert,dbscan,42,"{""eps"": 6.444165, ""metric"": ""euclidean"", ""min_samples"": 10}",102.761,,132,5355,0.1071,0.3212062120437622,222.7790821155243,0.9469120543886824,,,,0.2550182640552521,155.8170542435909,1.390106762953094
sbert,dbscan,42,"{""eps"": 7.250665, ""metric"": ""euclidean"", ""min_samples"": 5}",105.206,,150,2553,0.05106,0.2970528900623321,123.34732769154276,0.9450045707906743,,,,0.2344233393669128,107.71832203393302,1.3665445681987438
sbert,dbscan,42,"{""eps"": 8.002192, ""metric"": ""euclidean"", ""min_samples"": 10}",163.523,,50,2089,0.04178,0.3027150928974151,197.3796937897084,0.8098762649302094,,,,0.2866746485233307,179.4744566344177,1.4958582959394913
sbert,dbscan,42,"{""eps"": 8.420217, ""metric"": ""euclidean"", ""min_samples"": 5}",153.08,,66,1072,0.02144,0.2896580994129181,129.61996416391557,0.7757335909858375,,,,0.2815322875976562,123.95444501285252,1.420671928819624
sbert,dbscan,42,"{""eps"": 9.138589, ""metric"": ""euclidean"", ""min_samples"": 10}",191.109,,20,747,0.01494,0.3692389130592346,185.70563268221235,0.7088887821634436,,,,0.3813406229019165,179.97542649046673,1.5796274354076414
sbert,hdbscan,42,"{""allow_single_cluster"": false, ""metric"": ""euclidean"", ""min_cluster_size"": 15, ""min_samples"": null}",63.066,,382,12017,0.24034,0.9099107384681702,1682.8358017435762,2.3449407703119225,,,,0.592781126499176,120.9718107928511,2.881072179663727
sbert,hdbscan,42,"{""allow_single_cluster"": false, ""metric"": ""euclidean"", ""min_cluster_size"": 30, ""min_samples"": null}",71.5,,196,13857,0.27714,0.91632342338562,2716.324640038527,3.740596713163879,,,,0.5559483170509338,171.52928084684342,4.270410302092108
sbert,hdbscan,42,"{""allow_single_cluster"": false, ""metric"": ""euclidean"", ""min_cluster_size"": 50, ""min_samples"": null}",75.083,,133,14581,0.29162,0.9015364050865172,3296.1456911227606,4.934436841901424,,,,0.5340536236763,225.02427759451243,5.407041059992932
sbert,gmm,42,"{""covariance_type"": ""diag"", ""n_components"": 10, ""reg_covar"": 0.0001}",1.411,,10,0,0.0,0.2152533382177353,876.462443183506,3.524068375760438,1034458.8995911882,1025559.7433022182,,,,
sbert,gmm,42,"{""covariance_type"": ""diag"", ""n_components"": 10, ""reg_covar"": 0.001}",1.135,,10,0,0.0,0.2005267292261123,881.6673758745613,3.6059663781811455,1642054.1970555824,1633155.0407666124,,,,
sbert,gmm,42,"{""covariance_type"": ""diag"", ""n_components"": 10, ""reg_covar"": 1e-05}",1.273,,10,0,0.0,0.2152533382177353,876.462443183506,3.524068375760438,943662.6660428848,934763.5097539148,,,,
sbert,gmm,42,"{""covariance_type"": ""diag"", ""n_components"": 10, ""reg_covar"": 1e-06}",1.265,,10,0,0.0,0.2152533382177353,876.462443183506,3.524068375760438,913006.7859437974,904107.6296548274,,,,
sbert,gmm,42,"{""covariance_type"": ""diag"", ""n_components"": 100, ""reg_covar"": 0.0001}",8.3,,100,0,0.0,0.5909345149993896,663.0826620562458,2.210070851001915,-7352189.984184851,-7441260.92507911,,,,
sbert,gmm,42,"{""covariance_type"": ""diag"", ""n_components"": 100, ""reg_covar"": 0.001}",7.814,,100,0,0.0,0.5909332633018494,664.3391615542445,2.214630686424664,-4338757.946756232,-4427828.887650491,,,,
sbert,gmm,42,"{""covariance_type"": ""diag"", ""n_components"": 100, ""reg_covar"": 1e-05}",7.886,,100,0,0.0,0.5909072160720825,662.9662512422663,2.209035431157913,-10334487.01702248,-10423557.957916738,,,,
sbert,gmm,42,"{""covariance_type"": ""diag"", ""n_components"": 100, ""reg_covar"": 1e-06}",8.329,,100,0,0.0,0.5909072160720825,662.9661191734363,2.208945442035424,-13307511.917185633,-13396582.858079892,,,,
sbert,gmm,42,"{""covariance_type"": ""diag"", ""n_components"": 15, ""reg_covar"": 0.0001}",2.275,,15,0,0.0,0.2529825568199157,867.1126834621897,3.0207879073557105,824952.5684294299,811599.4241068327,,,,
sbert,gmm,42,"{""covariance_type"": ""diag"", ""n_components"": 15, ""reg_covar"": 0.001}",2.294,,15,0,0.0,0.2531540095806122,867.577330954005,3.0208312180229777,1107817.4556627397,1094464.3113401425,,,,
sbert,gmm,42,"{""covariance_type"": ""diag"", ""n_components"": 15, ""reg_covar"": 1e-05}",2.133,,15,0,0.0,0.2529825568199157,866.9843786455559,3.02078962455402,736687.0393623884,723333.8950397912,,,,
sbert,gmm,42,"{""covariance_type"": ""diag"", ""n_components"": 15, ""reg_covar"": 1e-06}",2.138,,15,0,0.0,0.2529825568199157,866.9843786455559,3.02078962455402,711502.1356428347,698148.9913202375,,,,
sbert,gmm,42,"{""covariance_type"": ""diag"", ""n_components"": 2, ""reg_covar"": 0.0001}",0.681,,2,0,0.0,0.1615651398897171,930.9204475399364,5.736218926084943,4151661.752339136,4149888.976903968,,,,
sbert,gmm,42,"{""covariance_type"": ""diag"", ""n_components"": 2, ""reg_covar"": 0.001}",0.7,,2,0,0.0,0.1660134345293045,943.8321345129822,5.737225014146564,4160235.571577691,4158462.7961425246,,,,
sbert,gmm,42,"{""covariance_type"": ""diag"", ""n_components"": 2, ""reg_covar"": 1e-05}",0.648,,2,0,0.0,0.1615651398897171,930.9204475399364,5.736218926084943,4151035.515558756,4149262.740123589,,,,
sbert,gmm,42,"{""covariance_type"": ""diag"", ""n_components"": 2, ""reg_covar"": 1e-06}",0.674,,2,0,0.0,0.1615651398897171,930.9204475399364,5.736218926084943,4150899.796141839,4149127.020706672,,,,
sbert,gmm,42,"{""covariance_type"": ""diag"", ""n_components"": 20, ""reg_covar"": 0.0001}",2.694,,20,0,0.0,0.3248477876186371,879.2092685264116,2.8357660604080195,-13750.678175649147,-31557.81053187351,,,,
sbert,gmm,42,"{""covariance_type"": ""diag"", ""n_components"": 20, ""reg_covar"": 0.001}",2.73,,20,0,0.0,0.324999988079071,879.5098880492078,2.8353900163335832,329006.598809856,311199.46645363164,,,,
sbert,gmm,42,"{""covariance_type"": ""diag"", ""n_components"": 20, ""reg_covar"": 1e-05}",2.709,,20,0,0.0,0.3248557448387146,878.4392323028133,2.836180842381784,-130936.3948324598,-148743.52718868415,,,,
sbert,gmm,42,"{""covariance_type"": ""diag"", ""n_components"": 20, ""reg_covar"": 1e-06}",2.686,,20,0,0.0,0.3248557448387146,878.4392323028133,2.836180842381784,-171556.21519648528,-189363.34755270963,,,,
sbert,gmm,42,"{""covariance_type"": ""diag"", ""n_components"": 3, ""reg_covar"": 0.0001}",0.881,,3,0,0.0,0.0959259644150734,770.6558092082049,6.421151989431134,3377115.676837208,3374452.103795316,,,,
sbert,gmm,42,"{""covariance_type"": ""diag"", ""n_components"": 3, ""reg_covar"": 0.001}",0.985,,3,0,0.0,0.0963702350854873,774.925535596897,6.419947226723058,3386883.74904619,3384220.1760042985,,,,
sbert,gmm,42,"{""covariance_type"": ""diag"", ""n_components"": 3, ""reg_covar"": 1e-05}",0.913,,3,0,0.0,0.0959259644150734,770.6558092082049,6.421151989431134,3376954.235936449,3374290.662894557,,,,
sbert,gmm,42,"{""covariance_type"": ""diag"", ""n_components"": 3, ""reg_covar"": 1e-06}",0.93,,3,0,0.0,0.0959259644150734,770.6558092082049,6.421151989431134,3376951.8437362644,3374288.2706943727,,,,
sbert,gmm,42,"{""covariance_type"": ""diag"", ""n_components"": 30, ""reg_covar"": 0.0001}",2.462,,30,0,0.0,0.4827916622161865,848.5604465155536,2.5901673845483537,-5351602.775309164,-5378317.883732643,,,,
sbert,gmm,42,"{""covariance_type"": ""diag"", ""n_components"": 30, ""reg_covar"": 0.001}",4.219,,30,0,0.0,0.4848424792289734,835.851067932376,2.6833770206700707,-2870762.723572092,-2897477.831995571,,,,
sbert,gmm,42,"{""covariance_type"": ""diag"", ""n_components"": 30, ""reg_covar"": 1e-05}",2.559,,30,0,0.0,0.4827733039855957,848.7752278359367,2.59011631562492,-7785291.447782112,-7812006.556205591,,,,
sbert,gmm,42,"{""covariance_type"": ""diag"", ""n_components"": 30, ""reg_covar"": 1e-06}",3.098,,30,0,0.0,0.4827733039855957,848.7752278359367,2.59011631562492,-10196315.120362006,-10223030.228785483,,,,
sbert,gmm,42,"{""covariance_type"": ""diag"", ""n_components"": 4, ""reg_covar"": 0.0001}",0.543,,4,0,0.0,0.1173914074897766,791.667996905948,5.3059472190166,3224551.072426064,3220996.7017774465,,,,
sbert,gmm,42,"{""covariance_type"": ""diag"", ""n_components"": 4, ""reg_covar"": 0.001}",0.535,,4,0,0.0,0.117408275604248,791.7631758506188,5.305954708169912,3234693.288243101,3231138.917594484,,,,
sbert,gmm,42,"{""covariance_type"": ""diag"", ""n_components"": 4, ""reg_covar"": 1e-05}",0.552,,4,0,0.0,0.1173914074897766,791.667996905948,5.3059472190166,3224393.953686375,3220839.583037758,,,,
sbert,gmm,42,"{""covariance_type"": ""diag"", ""n_components"": 4, ""reg_covar"": 1e-06}",0.548,,4,0,0.0,0.1173914074897766,791.667996905948,5.3059472190166,3224392.262593212,3220837.891944594,,,,
sbert,gmm,42,"{""covariance_type"": ""diag"", ""n_components"": 40, ""reg_covar"": 0.0001}",4.848,,40,0,0.0,0.5079959630966187,759.5847026966344,2.519992770772278,-5917831.753206894,-5953454.837697627,,,,
sbert,gmm,42,"{""covariance_type"": ""diag"", ""n_components"": 40, ""reg_covar"": 0.001}",4.608,,40,0,0.0,0.5083882808685303,760.2956874495732,2.5192374675559064,-3266759.33680073,-3302382.421291463,,,,
sbert,gmm,42,"{""covariance_type"": ""diag"", ""n_components"": 40, ""reg_covar"": 1e-05}",4.572,,40,0,0.0,0.507975697517395,759.4415457909073,2.517811758593516,-8505335.331539268,-8540958.41603,,,,
sbert,gmm,42,"{""covariance_type"": ""diag"", ""n_components"": 40, ""reg_covar"": 1e-06}",4.194,,40,0,0.0,0.5079818367958069,766.9311110880539,2.479708466097406,-11072733.0956066,-11108356.180097334,,,,
sbert,gmm,42,"{""covariance_type"": ""diag"", ""n_components"": 5, ""reg_covar"": 0.0001}",0.519,,5,0,0.0,0.1204762235283851,815.3250394955023,4.90863918941382,3192388.0460693976,3187942.877814055,,,,
sbert,gmm,42,"{""covariance_type"": ""diag"", ""n_components"": 5, ""reg_covar"": 0.001}",0.505,,5,0,0.0,0.1204762235283851,815.3970589851073,4.908828025652921,3202530.107274787,3198084.9390194444,,,,
sbert,gmm,42,"{""covariance_type"": ""diag"", ""n_components"": 5, ""reg_covar"": 1e-05}",0.515,,5,0,0.0,0.1204762235283851,815.3250394955023,4.90863918941382,3192230.9617345524,3187785.7934792098,,,,
sbert,gmm,42,"{""covariance_type"": ""diag"", ""n_components"": 5, ""reg_covar"": 1e-06}",0.535,,5,0,0.0,0.1204762235283851,815.3250394955023,4.90863918941382,3192229.274627089,3187784.106371747,,,,
sbert,gmm,42,"{""covariance_type"": ""diag"", ""n_components"": 50, ""reg_covar"": 0.0001}",3.925,,50,0,0.0,0.5260723829269409,771.0693801211015,2.3761319927641424,-6169264.301139386,-6213795.361697374,,,,
sbert,gmm,42,"{""covariance_type"": ""diag"", ""n_components"": 50, ""reg_covar"": 0.001}",3.865,,50,0,0.0,0.5264332294464111,772.1369442297057,2.371037888528261,-3479621.532759213,-3524152.5933172004,,,,
sbert,gmm,42,"{""covariance_type"": ""diag"", ""n_components"": 50, ""reg_covar"": 1e-05}",3.576,,50,0,0.0,0.5260441899299622,770.9677650531439,2.376262208700713,-8794441.145796902,-8838972.20635489,,,,
sbert,gmm,42,"{""covariance_type"": ""diag"", ""n_components"": 50, ""reg_covar"": 1e-06}",4.102,,50,0,0.0,0.5260441899299622,770.9677650531439,2.376262208700713,-11401800.787256151,-11446331.84781414,,,,
sbert,gmm,42,"{""covariance_type"": ""diag"", ""n_components"": 75, ""reg_covar"": 0.0001}",7.381,,75,0,0.0,0.5647869110107422,733.6885411909717,2.3604561263805155,-6717968.80876703,-6784769.809493153,,,,
sbert,gmm,42,"{""covariance_type"": ""diag"", ""n_components"": 75, ""reg_covar"": 0.001}",4.521,,75,0,0.0,0.5656434297561646,736.9472171144057,2.3028483099420862,-3925754.757202989,-3992555.757929112,,,,
sbert,gmm,42,"{""covariance_type"": ""diag"", ""n_components"": 75, ""reg_covar"": 1e-05}",6.765,,75,0,0.0,0.5648993849754333,735.4579237646828,2.3219323467807764,-9438392.38945139,-9505193.390177514,,,,
sbert,gmm,42,"{""covariance_type"": ""diag"", ""n_components"": 75, ""reg_covar"": 1e-06}",7.408,,75,0,0.0,0.5649076104164124,735.4722786135412,2.321396799236316,-12142155.180143813,-12208956.180869935,,,,
sbert,gmm,42,"{""covariance_type"": ""diag"", ""n_components"": 8, ""reg_covar"": 0.0001}",0.954,,8,0,0.0,0.170236125588417,879.5152924005384,4.055931145245978,1594559.0794598977,1587441.5183843784,,,,
sbert,gmm,42,"{""covariance_type"": ""diag"", ""n_components"": 8, ""reg_covar"": 0.001}",0.952,,8,0,0.0,0.1700326651334762,876.263690536124,4.050282542379165,1820419.2433985728,1813301.6823230528,,,,
sbert,gmm,42,"{""covariance_type"": ""diag"", ""n_components"": 8, ""reg_covar"": 1e-05}",0.871,,8,0,0.0,0.1698582023382187,875.9696495072128,4.048496318746978,1525687.0342379727,1518569.4731624536,,,,
sbert,gmm,42,"{""covariance_type"": ""diag"", ""n_components"": 8, ""reg_covar"": 1e-06}",0.868,,8,0,0.0,0.1698582023382187,875.9696495072128,4.048496318746978,1509355.921426541,1502238.360351022,,,,
